{
  "validation": {
    "log_loss": 0.7976505791292813,
    "brier": 0.1636621090356981,
    "accuracy": 0.6171875
  },
  "test": {
    "log_loss": 3.563777515027992,
    "brier": 0.19187667120543792,
    "accuracy": 0.6015625
  },
  "high_confidence_test_acc": 0.6136363636363636
}