{
  "validation": {
    "log_loss": 0.9502894877224056,
    "brier": 0.18840542228832513,
    "accuracy": 0.5625
  },
  "test": {
    "log_loss": 0.9328443054910042,
    "brier": 0.18315539439388173,
    "accuracy": 0.5703125
  },
  "high_confidence_test_acc": 0.7666666666666667
}